wp,n,wp_type
AK47,17474,Rifle
M4A4,8696,Rifle
Incendiary,4034,Grenade
USP,2742,Pistol
Glock,2630,Pistol
HE,2503,Grenade
AWP,2492,Sniper
MP7,2313,SMG
Deagle,2186,Pistol
CZ,2124,Pistol
M4A1,2029,Rifle
P250,1416,Pistol
MP9,1348,SMG
Mac10,1301,SMG
UMP,1280,SMG
Famas,1279,Rifle
Gallil,541,Rifle
FiveSeven,507,Pistol
P90,461,SMG
XM1014,416,Heavy
Scout,371,Sniper
P2000,358,Pistol
Swag7,334,Heavy
Nova,170,Heavy
Bizon,101,SMG
Tec9,80,Pistol
AUG,76,Rifle
SG556,73,Rifle
Knife,67,Equipment
Molotov,56,Grenade
Smoke,52,Grenade
Negev,51,Heavy
DualBarettas,47,Pistol
Scar20,41,Sniper
SawedOff,37,Heavy
Flash,34,Grenade
G3SG1,24,Sniper
Zeus,16,Equipment
M249,3,Heavy
