ix,iy,events,matches,actual,expected,residual,x,y
8,29,1,1,34,26.6600215909114,7.33997840908859,-2522.5375,1429.4375
18,14,7,2,33.2857142857143,35.8371060901532,-2.55139180443889,-997.2875,-859.9375
20,15,37,4,26.2162162162162,30.3970005879708,-4.18078437175457,-692.2375,-707.3125
20,14,24,4,21.875,20.9795248704457,0.895475129554326,-692.2375,-859.9375
19,18,7,2,13,28.426210585772,-15.426210585772,-844.7625,-249.4375
11,21,4,2,14.25,17.0416100313431,-2.79161003134307,-2064.9625,208.4375
8,13,5,2,31,28.5795181182235,2.42048188177651,-2522.5375,-1012.5625
28,15,3,1,29.6666666666667,54.0177448214126,-24.351078154746,527.962500000001,-707.3125
26,17,23,4,31.3478260869565,32.6671432874977,-1.3193172005412,222.9125,-402.0625
20,16,7,3,36.2857142857143,31.4615493992907,4.8241648864236,-692.2375,-554.6875
11,13,5,3,21.4,34.7257158275135,-13.3257158275135,-2064.9625,-1012.5625
27,17,14,4,27.1428571428571,30.740083481088,-3.59722633823086,375.4375,-402.0625
26,19,12,3,30.1666666666667,28.03047532736,2.13619133930672,222.9125,-96.8125
21,15,23,4,31.695652173913,31.4046727901061,0.290979383806992,-539.7125,-707.3125
23,18,9,3,30.6666666666667,28.4711382585009,2.19552840816574,-234.6625,-249.4375
14,22,3,2,28.6666666666667,36.7829252972442,-8.11625863057757,-1607.3875,361.0625
10,22,9,3,26.3333333333333,26.0075702935737,0.325763039759654,-2217.4875,361.0625
27,19,18,4,19.8333333333333,21.1983916234892,-1.36505829015588,375.4375,-96.8125
29,18,22,4,47.5454545454546,41.8167146430209,5.72873990243361,680.4875,-249.4375
4,18,4,2,27.5,30.2051091071047,-2.70510910710465,-3132.6375,-249.4375
3,17,7,2,30.8571428571429,32.3752720274311,-1.5181291702882,-3285.1625,-402.0625
12,28,1,1,10,22.9360352106405,-12.9360352106405,-1912.4375,1276.8125
25,19,6,3,36,36.7829136022809,-0.782913602280861,70.3875000000003,-96.8125
10,21,6,1,30.5,36.843876789612,-6.34387678961198,-2217.4875,208.4375
9,24,6,3,12.3333333333333,28.520606634669,-16.1872733013357,-2370.0125,666.3125
19,17,21,4,28,26.68743834456,1.31256165543997,-844.7625,-402.0625
18,13,6,2,26.5,28.6256458470194,-2.12564584701937,-997.2875,-1012.5625
19,23,1,1,100,69.7665527416285,30.2334472583715,-844.7625,513.6875
29,13,1,1,30,28.7842590845537,1.21574091544629,680.4875,-1012.5625
21,14,7,3,43.7142857142857,36.9200167020682,6.79426901221747,-539.7125,-859.9375
6,22,2,2,101,76.0768026064829,24.9231973935171,-2827.5875,361.0625
18,21,3,1,28,25.4197429858795,2.58025701412051,-997.2875,208.4375
29,17,9,3,27.7777777777778,27.5506063698275,0.227171407950317,680.4875,-402.0625
11,20,6,3,17,20.7447713704222,-3.74477137042217,-2064.9625,55.8125
10,19,12,4,35.0833333333333,39.4532669050278,-4.36993357169444,-2217.4875,-96.8125
19,14,4,2,22.25,36.6487253266699,-14.3987253266699,-844.7625,-859.9375
11,12,4,1,39.5,35.9769593779831,3.52304062201686,-2064.9625,-1165.1875
5,20,1,1,18,28.454887128259,-10.454887128259,-2980.1125,55.8125
11,14,5,3,31,30.8652608634334,0.134739136566579,-2064.9625,-859.9375
17,15,12,4,37,33.973390168479,3.02660983152104,-1149.8125,-707.3125
8,15,1,1,1,22.2233944483916,-21.2233944483916,-2522.5375,-707.3125
8,31,1,1,48,75.3467309376121,-27.3467309376121,-2522.5375,1734.6875
25,18,8,3,18.625,20.3231941783557,-1.69819417835574,70.3875000000003,-249.4375
23,19,3,2,34.6666666666667,33.7306589680884,0.93600769857827,-234.6625,-96.8125
19,19,2,2,17,15.6135162418074,1.3864837581926,-844.7625,-96.8125
17,12,7,2,34.2857142857143,34.0629203224175,0.22279396329678,-1149.8125,-1165.1875
10,12,3,2,48.3333333333333,38.8111508156511,9.52218251768222,-2217.4875,-1165.1875
23,15,4,3,39.25,29.0589100775689,10.1910899224311,-234.6625,-707.3125
24,19,7,3,31.2857142857143,30.4620555253931,0.8236587603212,-82.1374999999998,-96.8125
8,21,10,3,33.5,35.3865969460787,-1.88659694607868,-2522.5375,208.4375
9,10,5,3,34.6,34.2065019110662,0.393498088933821,-2370.0125,-1470.4375
7,19,1,1,2,5.72581426797929,-3.72581426797929,-2675.0625,-96.8125
13,24,1,1,101,76.5352097594878,24.4647902405122,-1759.9125,666.3125
27,18,14,4,30.6428571428571,31.8615519187237,-1.21869477586653,375.4375,-249.4375
25,17,5,4,30.2,28.6857772954229,1.51422270457708,70.3875000000003,-402.0625
30,14,1,1,15,17.7873537885959,-2.7873537885959,833.0125,-859.9375
18,17,7,3,29.1428571428571,34.2078122920377,-5.06495514918058,-997.2875,-402.0625
30,15,2,2,24,21.5342986956853,2.46570130431466,833.0125,-707.3125
16,13,1,1,50,36.8049827193427,13.1950172806573,-1302.3375,-1012.5625
8,19,3,2,11.6666666666667,16.1861190683832,-4.51945240171657,-2522.5375,-96.8125
9,22,10,4,28.1,27.5083145077218,0.591685492278237,-2370.0125,361.0625
19,22,4,2,23.25,25.816888637787,-2.56688863778696,-844.7625,361.0625
17,16,13,4,34.3076923076923,29.4701801069597,4.83751220073262,-1149.8125,-554.6875
23,16,7,4,48.5714285714286,43.2120256806792,5.35940289074938,-234.6625,-554.6875
7,13,1,1,18,20.9838273227609,-2.98382732276085,-2675.0625,-1012.5625
22,14,1,1,30,27.9439161096833,2.05608389031667,-387.1875,-859.9375
22,16,9,3,32.2222222222222,33.5850478479436,-1.36282562572135,-387.1875,-554.6875
27,12,3,2,25.6666666666667,26.804847272818,-1.1381806061513,375.4375,-1165.1875
11,18,4,3,28.5,28.4999532313978,4.67686021932146e-05,-2064.9625,-249.4375
28,18,14,4,40.0714285714286,43.8551466670327,-3.78371809560412,527.962500000001,-249.4375
25,13,8,3,9.375,12.3089018641598,-2.93390186415977,70.3875000000003,-1012.5625
9,18,2,1,33,24.7746142038659,8.22538579613408,-2370.0125,-249.4375
7,18,1,1,4,5.78511674987534,-1.78511674987534,-2675.0625,-249.4375
9,31,1,1,101,80.1669769042475,20.8330230957525,-2370.0125,1734.6875
12,15,1,1,29,25.7577520635362,3.24224793646383,-1912.4375,-707.3125
25,20,1,1,31,30.2904126178656,0.709587382134391,70.3875000000003,55.8125
25,15,3,2,72,55.3227812176764,16.6772187823236,70.3875000000003,-707.3125
4,19,4,2,39.5,34.7994194805513,4.7005805194487,-3132.6375,-96.8125
21,19,7,4,37.2857142857143,39.9133351769813,-2.62762089126701,-539.7125,-96.8125
9,23,5,3,42,35.9764708716901,6.02352912830992,-2370.0125,513.6875
19,20,9,4,19.2222222222222,22.025101833091,-2.80287961086878,-844.7625,55.8125
20,17,10,4,29.5,25.1336429138091,4.36635708619093,-692.2375,-402.0625
10,18,2,2,5,17.7290457319306,-12.7290457319306,-2217.4875,-249.4375
11,24,2,2,57,52.4025868800605,4.59741311993952,-2064.9625,666.3125
11,26,1,1,31,22.9543316754607,8.0456683245393,-2064.9625,971.5625
3,19,2,2,44,44.4154088488213,-0.415408848821293,-3285.1625,-96.8125
17,14,3,2,35,36.1808431381579,-1.18084313815789,-1149.8125,-859.9375
27,13,6,3,23.3333333333333,23.5731715842231,-0.239838250889799,375.4375,-1012.5625
12,27,3,1,27.3333333333333,26.5153083189004,0.81802501443298,-1912.4375,1124.1875
6,25,1,1,8,1.85978175895708,6.14021824104292,-2827.5875,818.9375
7,20,1,1,62,41.7634518355346,20.2365481644654,-2675.0625,55.8125
26,18,10,3,31.2,30.5308321559584,0.669167844041588,222.9125,-249.4375
9,14,2,1,33,28.4296918399873,4.5703081600127,-2370.0125,-859.9375
6,16,1,1,37,30.7694164244889,6.23058357551106,-2827.5875,-554.6875
22,13,3,2,50,39.8593383488804,10.1406616511196,-387.1875,-1012.5625
13,14,15,4,28.9333333333333,30.9238672653234,-1.99053393199009,-1759.9125,-859.9375
13,13,6,3,40.1666666666667,34.2476641596049,5.91900250706175,-1759.9125,-1012.5625
29,19,11,4,28.6363636363636,35.9587944231404,-7.32243078677679,680.4875,-96.8125
12,30,1,1,36,30.0096847601361,5.99031523986395,-1912.4375,1582.0625
19,16,21,4,28.2380952380952,25.3091889438582,2.92890629423705,-844.7625,-554.6875
21,22,1,1,3,23.0412044574673,-20.0412044574673,-539.7125,361.0625
8,14,4,3,27.75,27.5026191938425,0.247380806157461,-2522.5375,-859.9375
12,12,3,2,13.3333333333333,18.1780372262949,-4.84470389296154,-1912.4375,-1165.1875
3,21,2,2,53,44.9115151846046,8.08848481539538,-3285.1625,208.4375
5,12,5,2,20.4,36.4610212395325,-16.0610212395325,-2980.1125,-1165.1875
15,12,3,1,14.6666666666667,18.1220256670187,-3.45535900035206,-1454.8625,-1165.1875
20,18,5,2,19.4,32.7955260271957,-13.3955260271957,-692.2375,-249.4375
10,9,1,1,82,68.5201245764099,13.4798754235901,-2217.4875,-1623.0625
26,13,9,3,36.4444444444444,30.3885247625586,6.05591968188586,222.9125,-1012.5625
29,15,3,1,21.3333333333333,27.9434587565186,-6.6101254231853,680.4875,-707.3125
21,20,2,2,8.5,11.1377776348223,-2.6377776348223,-539.7125,55.8125
18,12,2,2,59.5,51.2548260891225,8.24517391087747,-997.2875,-1165.1875
6,10,2,2,61.5,49.6906319311704,11.8093680688296,-2827.5875,-1470.4375
12,14,1,1,23,30.439859880007,-7.43985988000704,-1912.4375,-859.9375
28,19,16,2,28.9375,24.2416383024303,4.69586169756973,527.962500000001,-96.8125
9,19,5,2,20,24.4151816039382,-4.41518160393817,-2370.0125,-96.8125
27,16,6,3,33.8333333333333,32.8068843151246,1.02644901820875,375.4375,-554.6875
29,14,1,1,29,27.7649598726664,1.23504012733361,680.4875,-859.9375
30,17,2,1,20.5,18.2190848246877,2.28091517531235,833.0125,-402.0625
5,16,13,3,21.7692307692308,21.6401364369797,0.129094332251073,-2980.1125,-554.6875
16,14,4,2,22.75,25.0671131012042,-2.31711310120419,-1302.3375,-859.9375
29,16,12,3,44.5833333333333,44.086050472623,0.497282860710306,680.4875,-554.6875
3,18,2,2,32.5,45.1260043172418,-12.6260043172418,-3285.1625,-249.4375
4,16,5,3,36.2,32.3674326820593,3.83256731794069,-3132.6375,-554.6875
12,9,4,2,19.75,22.3437299838669,-2.59372998386687,-1912.4375,-1623.0625
24,14,7,3,19.8571428571429,18.6428581326255,1.2142847245174,-82.1374999999998,-859.9375
14,14,1,1,13,38.4447932760104,-25.4447932760104,-1607.3875,-859.9375
27,15,5,2,30,25.1551724527714,4.84482754722862,375.4375,-707.3125
9,20,3,1,18.3333333333333,23.8127131470436,-5.47937981371031,-2370.0125,55.8125
7,8,3,2,48.3333333333333,38.2569203429062,10.0764129904271,-2675.0625,-1775.6875
10,20,7,3,33.4285714285714,24.4564653904556,8.9721060381158,-2217.4875,55.8125
27,10,3,2,18,21.8184510739376,-3.81845107393759,375.4375,-1470.4375
12,13,13,3,38.7692307692308,41.9162277093485,-3.14699694011773,-1912.4375,-1012.5625
15,14,3,2,11,9.35998421759792,1.64001578240208,-1454.8625,-859.9375
23,13,2,1,17,26.0022246646486,-9.00222466464863,-234.6625,-1012.5625
24,15,5,2,54.2,64.5498813996041,-10.349881399604,-82.1374999999998,-707.3125
5,17,1,1,9,29.5431974180617,-20.5431974180617,-2980.1125,-402.0625
24,16,4,2,42.25,36.5659289912064,5.68407100879366,-82.1374999999998,-554.6875
25,14,3,2,20.6666666666667,22.7234582625381,-2.05679159587138,70.3875000000003,-859.9375
6,12,4,3,21.75,54.2990267798892,-32.5490267798892,-2827.5875,-1165.1875
22,15,7,3,34.5714285714286,35.2268851375233,-0.655456566094694,-387.1875,-707.3125
11,29,1,1,29,22.9000796810254,6.09992031897458,-2064.9625,1429.4375
27,14,5,2,41.4,33.655202017177,7.74479798282304,375.4375,-859.9375
24,13,2,2,54,47.8398396532071,6.16016034679289,-82.1374999999998,-1012.5625
19,15,4,2,22.25,22.410157837752,-0.160157837752025,-844.7625,-707.3125
8,22,3,2,33.6666666666667,27.8734487043558,5.79321796231092,-2522.5375,361.0625
26,12,2,2,59,48.9917680086028,10.0082319913972,222.9125,-1165.1875
5,10,6,2,28.3333333333333,40.8010304805853,-12.467697147252,-2980.1125,-1470.4375
22,19,1,1,8,6.08782084892992,1.91217915107008,-387.1875,-96.8125
18,16,7,3,35.8571428571429,42.3264827093926,-6.46933985224973,-997.2875,-554.6875
11,19,1,1,26,24.2632189383255,1.73678106167453,-2064.9625,-96.8125
13,27,1,1,2,22.992331654387,-20.992331654387,-1759.9125,1124.1875
11,15,1,1,50,73.8389931687896,-23.8389931687896,-2064.9625,-707.3125
9,15,3,2,21.6666666666667,39.9573774746412,-18.2907108079746,-2370.0125,-707.3125
21,18,1,1,4,23.0018940128496,-19.0018940128496,-539.7125,-249.4375
26,14,1,1,10,25.4505544550593,-15.4505544550593,222.9125,-859.9375
13,9,9,3,32.5555555555556,30.5199251753895,2.0356303801661,-1759.9125,-1623.0625
26,16,1,1,33,65.0557247804983,-32.0557247804983,222.9125,-554.6875
23,14,2,1,27,37.9533063981432,-10.9533063981432,-234.6625,-859.9375
9,9,1,1,50,83.1781677221371,-33.1781677221371,-2370.0125,-1623.0625
6,15,1,1,14,62.1511414015014,-48.1511414015014,-2827.5875,-707.3125
29,10,2,1,23,31.2874981441394,-8.28749814413937,680.4875,-1470.4375
7,11,2,2,28.5,25.8586334411349,2.64136655886514,-2675.0625,-1317.8125
4,21,1,1,100,73.6213860622004,26.3786139377997,-3132.6375,208.4375
8,8,3,2,58.3333333333333,59.9096227673135,-1.57628943398017,-2522.5375,-1775.6875
11,10,1,1,26,23.909770613589,2.09022938641102,-2064.9625,-1470.4375
7,29,2,1,33,29.2243256892718,3.77567431072822,-2675.0625,1429.4375
25,12,9,2,37.2222222222222,37.6303453936927,-0.408123171470485,70.3875000000003,-1165.1875
6,9,3,2,17.6666666666667,20.2806710813724,-2.61400441470577,-2827.5875,-1623.0625
21,16,11,2,27.9090909090909,28.8986072357834,-0.989516326692531,-539.7125,-554.6875
6,19,4,1,41.75,36.7538457355982,4.99615426440183,-2827.5875,-96.8125
8,17,5,2,19.6,22.564745006925,-2.96474500692498,-2522.5375,-402.0625
8,9,2,1,77.5,64.131179422088,13.368820577912,-2522.5375,-1623.0625
29,11,4,1,24.25,21.9964253904943,2.25357460950575,680.4875,-1317.8125
10,24,1,1,106,82.9126993014438,23.0873006985562,-2217.4875,666.3125
7,10,2,1,55.5,46.6720636626599,8.82793633734006,-2675.0625,-1470.4375
5,15,1,1,17,12.6151583796149,4.38484162038512,-2980.1125,-707.3125
6,17,2,1,37,30.4376124884462,6.56238751155378,-2827.5875,-402.0625
24,17,4,1,22.25,26.5270707623296,-4.27707076232956,-82.1374999999998,-402.0625
24,18,3,2,52.6666666666667,43.093317018202,9.57334964846468,-82.1374999999998,-249.4375
13,10,3,2,25,22.4411385567084,2.55886144329163,-1759.9125,-1470.4375
13,22,1,1,37,31.7919248201021,5.20807517989794,-1759.9125,361.0625
6,6,1,1,101,76.5801873797348,24.4198126202652,-2827.5875,-2080.9375
17,13,1,1,69,63.0529583424193,5.94704165758075,-1149.8125,-1012.5625
20,21,1,1,1,6.23613510535746,-5.23613510535746,-692.2375,208.4375
9,12,1,1,84,67.9375615303062,16.0624384696938,-2370.0125,-1165.1875
9,16,2,1,81,65.2956081464875,15.7043918535126,-2370.0125,-554.6875
3,20,1,1,35,28.7213900701802,6.27860992981984,-3285.1625,55.8125
28,12,1,1,7,28.2607833149249,-21.2607833149249,527.962500000001,-1165.1875
18,23,1,1,95,70.8302703006482,24.1697296993519,-997.2875,513.6875
11,22,1,1,10,23.9200263690997,-13.9200263690997,-2064.9625,361.0625
24,20,2,2,73,51.9520980062545,21.0479019937455,-82.1374999999998,55.8125
7,23,1,1,30,28.8214144049362,1.17858559506377,-2675.0625,513.6875
13,28,1,1,1,22.6687378727183,-21.6687378727183,-1759.9125,1276.8125
9,29,4,1,24.25,27.1374288939401,-2.88742889394011,-2370.0125,1429.4375
7,24,1,1,101,82.3461764367368,18.6538235632632,-2675.0625,666.3125
9,13,2,1,9,14.2446538095089,-5.2446538095089,-2370.0125,-1012.5625
26,15,4,1,36.25,50.0600443041376,-13.8100443041376,222.9125,-707.3125
12,11,4,1,31.5,39.0670293174454,-7.56702931744537,-1912.4375,-1317.8125
9,21,5,1,35.8,32.7057680204013,3.09423197959869,-2370.0125,208.4375
7,7,1,1,29,27.1752246638905,1.82477533610946,-2675.0625,-1928.3125
28,10,1,1,105,82.6941617711897,22.3058382288103,527.962500000001,-1470.4375
10,15,2,1,27,26.7446494648566,0.255350535143364,-2217.4875,-707.3125
15,26,1,1,14,18.3228581298248,-4.32285812982483,-1454.8625,971.5625
7,27,1,1,29,27.5054261710803,1.49457382891967,-2675.0625,1124.1875
13,26,1,1,26,26.992283007449,-0.992283007449014,-1759.9125,971.5625
19,21,1,1,36,49.6865252648601,-13.6865252648601,-844.7625,208.4375
9,26,1,1,35,27.6085668895716,7.39143311042844,-2370.0125,971.5625
8,20,1,1,33,25.4667503663288,7.5332496336712,-2522.5375,55.8125
7,12,1,1,7,21.1654052135634,-14.1654052135634,-2675.0625,-1165.1875
