map,wp_type,events,mean_damage
de_cache,Equipment,2795,54.0683363148479
de_cache,Grenade,390371,12.1076155759521
de_cache,Heavy,24530,20.539624949042
de_cache,Pistol,688238,37.8774566356406
de_cache,Rifle,1847071,33.2710052835002
de_cache,SMG,379309,24.0673856934584
de_cache,Sniper,151489,80.7969357511106
de_cbble,Equipment,212,58.3915094339623
de_cbble,Grenade,20231,12.137314023034
de_cbble,Heavy,6131,21.3496982547708
de_cbble,Pistol,31706,36.3180470573393
de_cbble,Rifle,81780,33.3133773538763
de_cbble,SMG,20570,24.5511424404473
de_cbble,Sniper,5413,80.6390171808609
de_dust2,Equipment,572,58.9020979020979
de_dust2,Grenade,53697,12.9853623107436
de_dust2,Heavy,5337,21.7672849915683
de_dust2,Pistol,112692,36.1218897526
de_dust2,Rifle,250203,33.0821612850366
de_dust2,SMG,57767,24.0361278930878
de_dust2,Sniper,42458,77.2168024871638
de_inferno,Equipment,1428,61.5392156862745
de_inferno,Grenade,249699,13.1134205583523
de_inferno,Heavy,27489,21.1591909491069
de_inferno,Pistol,278912,36.8963400642497
de_inferno,Rifle,705433,33.460532750807
de_inferno,SMG,178354,24.4075714590085
de_inferno,Sniper,62770,80.1712920184802
de_mirage,Equipment,3626,58.5650854936569
de_mirage,Grenade,383986,11.7970134327814
de_mirage,Heavy,31619,21.5239254878396
de_mirage,Pistol,730546,36.948090879972
de_mirage,Rifle,1861508,33.4364155297748
de_mirage,SMG,366777,24.1911297600449
de_mirage,Sniper,181345,81.9160219471174
de_nuke,Equipment,51,64.1764705882353
de_nuke,Grenade,3826,11.3894406691061
de_nuke,Heavy,1500,20.6493333333333
de_nuke,Pistol,8096,36.9836956521739
de_nuke,Rifle,22389,32.7848497029791
de_nuke,SMG,4832,24.5769867549669
de_nuke,Sniper,1640,81.5859756097561
de_overpass,Equipment,698,56.4398280802292
de_overpass,Grenade,58055,11.6270949961244
de_overpass,Heavy,8649,20.4348479593017
de_overpass,Pistol,135630,35.6080070780801
de_overpass,Rifle,352341,32.9194587061966
de_overpass,SMG,81634,23.9832422765024
de_overpass,Sniper,25506,81.7911079745942
de_train,Equipment,428,58.5467289719626
de_train,Grenade,40857,10.5470298847199
de_train,Heavy,4035,21.6525402726146
de_train,Pistol,64951,37.3181167341534
de_train,Rifle,175440,33.600655494756
de_train,SMG,35839,24.6206646390803
de_train,Sniper,16860,81.3758600237248
