model,validation_MAE,MAE,RMSE,R2,Bias,MAE_lower,MAE_upper,RMSE_lower,RMSE_upper,R2_lower,R2_upper,MAE_improvement,improvement_lower,improvement_upper,p_value,test_matches,p_holm,selected_by_validation
OLS,9.04498387818976,9.21701439325151,14.8311634393439,0.695807238665937,0.165084790704335,8.87831045419148,9.57116501475652,14.3389994060022,15.2899595976363,0.676400361395316,0.71379828135426,-0.0499322065800698,-0.114743305214323,0.0291688576443866,0.171656686626747,32,0.686626746506986,FALSE
Ridge,9.10716138191692,9.28814657329446,14.9284166833246,0.691804757199674,0.166086478487351,8.9388880649342,9.64205988359533,14.4415741961469,15.3650781416837,0.673933397799134,0.708736099363265,-0.121064386623021,-0.189082775502342,-0.040913846297584,0.00798403193612774,32,0.063872255489022,FALSE
Lasso,9.04901644974974,9.22735929879395,14.8350183771951,0.695649085653567,0.160921687059645,8.88838115188232,9.58323568773953,14.3402274391229,15.2944108520924,0.676127030259874,0.713846490420506,-0.0602771121225143,-0.124286090653337,0.0125543954417669,0.0958083832335329,32,0.479041916167665,FALSE
ElasticNet,9.0507907719272,9.23132378646688,14.8369745094632,0.695568817482618,0.162335566355142,8.89101303044531,9.5862903801739,14.3412797588056,15.296877501191,0.676042022308795,0.713793936466415,-0.0642415997954388,-0.128136102083794,0.00650692188120245,0.0798403193612774,32,0.479041916167665,FALSE
CART,10.1621598639813,10.3944717726086,15.4457594694638,0.670073675806474,0.119520137352186,10.0521408306657,10.7319848855775,14.9625877646673,15.9227568108655,0.648559088863755,0.69034271977505,-1.22738958593711,-1.36173067458394,-1.09321371482874,0.00199600798403194,32,0.0239520958083832,FALSE
RandomForest,9.51411427199698,9.71246582531847,15.1335261843269,0.683277659152172,0.204173944357494,9.37059215704665,10.0827806977719,14.6735156753776,15.5929203486118,0.667505357869669,0.698315952111188,-0.545383638647032,-0.639293266781389,-0.443153936815586,0.00199600798403194,32,0.0239520958083832,FALSE
ExtraTrees,9.53329074859856,9.74024055720591,15.1966468722251,0.680630103821753,0.219273757297725,9.37774422112297,10.1172453319465,14.7241950504263,15.6531446113326,0.665853710338638,0.695033729982303,-0.573158370534469,-0.674599479252979,-0.468431637463065,0.00199600798403194,32,0.0239520958083832,FALSE
GBM,9.06656442990306,9.26329688161514,14.6853811386804,0.701757948141583,0.175665934503449,8.93240143218747,9.60809897296446,14.1998756146621,15.1368757569154,0.682604880198485,0.719804833398455,-0.096214694943698,-0.158623249588785,-0.0256479682982219,0.0119760479041916,32,0.0838323353293413,FALSE
XGBoost,8.89729713121057,9.11631423553824,14.6922788028481,0.701477716172386,0.167895937532187,8.76395126513317,9.46494288956672,14.1932364385843,15.1398868411479,0.682703683098944,0.720102084615183,0.0507679511331937,-0.0179517432333512,0.122959145057648,0.179640718562874,32,0.686626746506986,TRUE
MARS,9.17624297643222,9.40384603786922,14.809885403559,0.696679453634318,0.13037466196894,9.07264813960561,9.77317679657198,14.2994513879217,15.2807662308406,0.676467548603349,0.716666045908874,-0.236763851197779,-0.30617189525221,-0.168161102749567,0.00199600798403194,32,0.0239520958083832,FALSE
GAM,9.04674207222815,9.21171935487251,14.8321563956189,0.695766505486285,0.163540790604556,8.87022815521121,9.56917851866036,14.342611202376,15.2909456777231,0.676329286572095,0.713616533238136,-0.0446371682010674,-0.11047567022888,0.0327574070976801,0.231536926147705,32,0.686626746506986,FALSE
NeuralNet,8.97484554298865,9.19373938295105,14.6766760631326,0.702111422128531,0.154239898412742,8.87689185742457,9.53359483772738,14.1835191478118,15.1484432256464,0.684273420926313,0.719253765486097,-0.0266571962796078,-0.0992335649997124,0.0485467844961951,0.483033932135729,32,0.686626746506986,FALSE
